{"U":[[-1.488289126767823,0.6603511856569234,2.0823183564127765],[-1.5209219514708447,0.7028590168933645,2.0423883896527255],[-1.3566966005251537,0.39480176793864663,1.612194628556155]],"V":[[5.479123466690966,3.322182845211005,4.373301455610544,3.709832346048013,5.47537615164962,4.772012677432579,5.21282561191273,4.846153846153846,3.3993932778853186,4.793821782850079],[4.554248560602038,3.637606585046989,4.519777663764752,3.9895263863461907,4.586979458158834,4.814694774127693,4.425802311566026,4.846153846153846,4.088650483843077,4.714276855068318],[4.2097614659915825,4.008252849104798,4.636935969839943,4.26367522540121,4.188062331547574,4.834398138556095,4.079233076985429,4.846153846153846,4.5442163976338765,4.681264339222235]]}