{"U":[[-1.2043036008538133,0.6543868485299654,1.7485868517071657],[-1.3529975706155952,0.6102579724079815,1.9475257037288558],[-1.6430495122184783,0.6415537279169978,1.9439504539658068],[-1.198831119068647,0.5863791755063577,1.8524730662488593],[-1.2678665274427583,0.5701191531491308,1.8681149327445112],[4.982142857142857,4.982142857142857,4.982142857142857],[-1.6962081025475815,0.6334083380476679,2.128347609257296]],"V":[[5.691161221461672,3.268468364056347,4.7029887630937095,4.877756034109327,4.905532661291628,4.723770578348691,4.982142857142857,5.41665597237519,4.820680836924117,5.7389382692321185,3.542500582063655,5.521647075006042,4.347894981647497,4.921218554578688,4.946014223111562,4.908598234495802,4.676475780263072,3.6019705531703106,4.924500111759767,5.273886182203182,5.070369827222696,3.7217987205586596,3.9136288816386835,4.982142857142857,4.982142857142857,4.982142857142857,4.982142857142857,4.717733060715484,4.716766894361934,4.982142857142857,5.510272145189634],[4.631752664283181,3.7963145807834624,4.5029451170575525,4.964912513550037,4.959593959032462,4.622084915014058,4.982142857142857,4.835567554174099,4.9613220427600435,4.659154447616815,4.013119025385683,4.797383994505059,3.830138450025333,4.941708279481737,4.956206498623865,4.94376375641325,4.931930998788534,4.101640106665066,4.971660743170585,4.515577085475731,4.883177660602943,4.142713424265641,3.8411593423359456,4.982142857142857,4.982142857142857,4.982142857142857,4.982142857142857,5.010889944042246,5.017614929025791,4.982142857142857,4.70381424519177],[4.1773483989275055,4.2700651874141915,4.540196561430548,4.997079290309808,4.979877141484457,4.627182206560348,4.982142857142857,4.61463836224851,5.0143122523748005,4.238631877973122,4.375332900751436,4.4970574314500675,3.7392094981710375,4.948789952766396,4.959636340943119,4.958189904064991,5.027897332310306,4.474862711344315,4.989583003049454,4.249356658847727,4.790183253197495,4.453220561400135,3.910909277733245,4.982142857142857,4.982142857142857,4.982142857142857,4.982142857142857,5.114341186981002,5.125119788226528,4.982142857142857,4.383300243044987]]}