{"U":[[-1.0683351713952036,-0.1836890681037976,2.5765678312787945],[-2.127585519899338,0.8551069905622872,2.3606813671430054],[-0.33141979896759377,0.7680374826473957,0.6672678145620038],[-0.14097782673947,0.9402624872680505,0.5092392254006073],[5.111111111111111,5.111111111111111,5.111111111111111],[-1.7894804932080672,0.8371185724598682,2.1424899280975076]],"V":[[4.194743386246387,1.6683052910943799,4.784780904176755,5.2551979694472655,5.2047887052737964,3.724842886471788,6.053502017083699,5.111111111111111,4.977061596388402,4.212219203698824,4.678193076368163,5.111111111111111,5.075680500446252,5.111111111111111,5.111111111111111,5.111111111111111,5.111111111111111,5.111111111111111,5.111111111111111,5.111111111111111,5.111111111111111,5.111111111111111,5.111111111111111],[3.1478800703957237,2.196847001338927,5.006977458931674,4.954737762710596,4.929257057622232,4.303418929689565,4.816626690450711,5.111111111111111,5.089329216980147,3.1253121737234544,4.765385216866676,5.111111111111111,4.319050749316235,5.111111111111111,5.111111111111111,5.111111111111111,5.111111111111111,5.111111111111111,5.111111111111111,5.111111111111111,5.111111111111111,5.111111111111111,5.111111111111111],[3.8881924439890967,3.2026671348078266,4.78647567667063,4.776585629436546,4.790004079182395,4.23974038721029,4.012288307338155,5.111111111111111,4.750959292495057,4.025384316332851,4.639240628438326,5.111111111111111,4.445787039247656,5.111111111111111,5.111111111111111,5.111111111111111,5.111111111111111,5.111111111111111,5.111111111111111,5.111111111111111,5.111111111111111,5.111111111111111,5.111111111111111]]}