{"U":[[-1.312774204529834,0.5651223877877852,1.948387283876841],[-1.4688492649490288,0.5790123492576498,2.0115243516534957],[-1.6650104940631223,0.5840983404917529,2.1090787317232222],[-1.2442519211346386,0.5781393728406395,1.88155268254152],[-1.4342810257470469,0.5829541378085226,2.025242561393684],[5.204081632653061,5.204081632653061,5.204081632653061],[-1.5168991140961388,0.6524156588378003,2.0324798044495593]],"V":[[5.838456563603222,1.055985340997773,5.413952038925607,5.23087280477172,5.121808706229691,4.821954107902338,5.204081632653061,5.204081632653061,5.147480611496281,4.860810160396639,4.916887085847035,5.691651342334453,4.485083600837806,5.174595602751616,5.16882689868569,5.139877502266283,5.170579897591598,5.1135068610436285,5.221012683100709,5.90920732954298,4.093761462556554,5.042728872738748,5.069658568357429,5.204081632653061,5.204081632653061,5.204081632653061,5.204081632653061,5.176469006395815,4.62522313243345,5.204081632653061,5.204081632653061],[4.758225025917871,1.981083702514644,5.047404485960027,5.164654740657314,5.003498334568264,4.804046182058414,5.204081632653061,5.204081632653061,5.127110632802593,4.0514181763055905,4.957159470097998,5.0643751529298004,3.88790894857639,5.182480663716146,5.190673534212009,5.193536057563426,5.160021566233183,5.167073500525514,5.1786883155893895,4.949641170777186,4.321009764993829,5.129397865734325,5.0419825755805,5.204081632653061,5.204081632653061,5.204081632653061,5.204081632653061,5.176182473814989,4.640856772263051,5.204081632653061,5.204081632653061],[4.338258873318945,3.142914503564629,4.920399977552839,5.141319030716977,4.9801374801431795,4.875308214414982,5.204081632653061,5.204081632653061,5.1220535161692045,3.8597366763101553,5.009743259478233,4.829328409022364,3.7802885486166886,5.186175461188112,5.199475548898028,5.214090849015568,5.15738167093259,5.1864656746608295,5.164078453491054,4.601766056076475,4.592437542438027,5.167900304081245,5.048779057672144,5.204081632653061,5.204081632653061,5.204081632653061,5.204081632653061,5.176876162005525,4.766699413104102,5.204081632653061,5.204081632653061]]}