{"U":[[-0.9076511752897588,-0.2903099838950236,2.471794841129144],[-1.684329691079762,0.6793581887147604,2.2522880857330145],[-1.4052444409718639,0.9616865155980706,1.4928615696195757],[-1.6844701812413252,1.3037157854852273,1.479032330893944],[5.217391304347826,5.217391304347826,5.217391304347826],[5.217391304347826,5.217391304347826,5.217391304347826],[5.217391304347826,5.217391304347826,5.217391304347826]],"V":[[5.871650393554158,5.145724012110514,5.0569860698778895,5.1181988776676,5.304915090181263,3.527958467510163,6.163149121499383,5.217391304347826,4.599075023692232,2.7081677658452765,4.868201536050762,5.217391304347826,3.8286092641287484,5.217391304347826,5.217391304347826,5.217391304347826,5.217391304347826,5.217391304347826,5.217391304347826,5.217391304347826,5.217391304347826,5.217391304347826,5.217391304347826],[4.609534704781416,4.159898497405257,5.012709064547127,4.92164767223957,5.055725185839139,4.138472847087211,4.916905738486176,5.217391304347826,5.153596902022794,1.9948976411677197,5.194834001673133,5.217391304347826,4.4478926644241845,5.217391304347826,5.217391304347826,5.217391304347826,5.217391304347826,5.217391304347826,5.217391304347826,5.217391304347826,5.217391304347826,5.217391304347826,5.217391304347826],[4.695467210403747,4.764646549605,4.897611796901563,4.882905792295172,4.953726563926192,4.251711578949665,4.1931023287523885,5.217391304347826,4.897408474393063,3.453988411661742,4.9164551494897495,5.217391304347826,4.432513571198927,5.217391304347826,5.217391304347826,5.217391304347826,5.217391304347826,5.217391304347826,5.217391304347826,5.217391304347826,5.217391304347826,5.217391304347826,5.217391304347826]]}