{"U":[[0.2900125302193805,0.8540916681221375,1.3150139331128725],[-0.3068383284335754,0.48238302137361705,1.1583427594660192],[-0.11790712681698248,0.4253425382261569,0.8819597015982626],[4.363636363636363,4.363636363636363,4.363636363636363]],"V":[[3.062600263313273,2.761338941832407,4.085252887764443,4.147449300648716,4.363636363636363,2.961347080273126],[3.1065646318877125,2.641958857805523,3.8925714405245153,4.061092732785983,4.363636363636363,2.842000718948862],[3.1901590188747444,2.6574544459827356,3.7804410502649186,4.017180447349406,4.363636363636363,2.819653347873134]]}