{"U":[[-1.2680234903312173,-0.2774568099859043,2.8434460419878924],[-0.5791463995172438,0.4728834415535179,1.3398501043340694],[-1.3785157892482125,1.0572312843976988,1.3990216693792055],[-1.3469270282608317,1.3148246336838174,1.1849187346954508]],"V":[[4.221437703986702,5.16849947789968,4.921394888384166,5.307492220142194,5.2678560057303905,3.708376086340058,6.027085175087486,5.217391304347826,4.845273045792316,3.158451815535394,4.812733793098299,5.217391304347826,4.956565902331624],[3.5362357966884512,3.8998379472603184,4.806010728127178,5.041618231710151,5.036562229558991,4.423566680724357,4.811822392244531,5.217391304347826,5.290106198925976,2.30915812522259,5.04316467341373,5.217391304347826,5.150082381881312],[4.015781845711534,4.670510646842099,4.7707525327500955,4.919644216145367,4.933597826416215,4.3182132706585215,4.211796160719641,5.217391304347826,4.85695199562012,3.651109096883478,4.761050175852153,5.217391304347826,4.850158120417086]]}