{"U":[[-1.3045152007818144,0.5164362727824706,1.8414107916261513],[-1.239713574694659,0.530506442745841,1.87007186195686],[-1.322729998974961,0.5203626807180793,1.9753337288025856],[-1.4594165403195731,0.5283431731259711,1.9789082075313582],[-1.3418131965022948,0.7025259998513979,2.028502063868303],[5.214285714285714,5.214285714285714,5.214285714285714]],"V":[[4.87191186186725,4.115782332789657,5.288243876753397,4.436090516783698,5.210158402317084,5.2520651616170815,5.214285714285714,5.214285714285714,5.20619539877671,5.659377407440768,5.176399165927011,5.417757755197663,4.641354883720896,5.216668688427988,4.416615975281798,5.22033592301004,5.268621976576442,5.221436114269401,5.214927305348513,5.375790023236687,5.160292862174835,5.217932569161651,5.245534757927535,5.214285714285714,5.214285714285714,5.214285714285714,5.214285714285714,5.214285714285714,5.214285714285714,5.214285714285714,5.214285714285714],[4.0936892809117555,4.113434631762227,5.176349024379788,4.29288549173767,5.201124108750168,5.151435750703745,5.214285714285714,5.214285714285714,5.161377880799228,5.084377300733665,4.799654408595172,5.1586232582048,4.210938280957751,5.203727847082755,4.043786377481362,5.208112687129735,5.121453697032147,5.206308649163142,5.207124298308974,5.173201582071175,5.209407127595727,5.009960331580229,5.194746621990667,5.214285714285714,5.214285714285714,5.214285714285714,5.214285714285714,5.214285714285714,5.214285714285714,5.214285714285714,5.214285714285714],[3.973466167199626,4.318148653346441,5.132776349851758,4.394170873272638,5.198434065944872,5.121105408245999,5.214285714285714,5.214285714285714,5.149555264068583,4.8671643577147545,4.7327844858007895,5.062947562118205,4.177572882513384,5.199436283282113,4.062039093611534,5.203718770017215,5.07513279641384,5.2011373632966045,5.204559800041608,5.094653103865704,5.229966101416064,4.954047614935712,5.176573487684886,5.214285714285714,5.214285714285714,5.214285714285714,5.214285714285714,5.214285714285714,5.214285714285714,5.214285714285714,5.214285714285714]]}